[{"pk": 1, "fields": {"name": "log entry", "model": "logentry", "app_label": "admin"}, "model": "contenttypes.contenttype"}, {"pk": 2, "fields": {"name": "permission", "model": "permission", "app_label": "auth"}, "model": "contenttypes.contenttype"}, {"pk": 3, "fields": {"name": "group", "model": "group", "app_label": "auth"}, "model": "contenttypes.contenttype"}, {"pk": 4, "fields": {"name": "user", "model": "user", "app_label": "auth"}, "model": "contenttypes.contenttype"}, {"pk": 5, "fields": {"name": "content type", "model": "contenttype", "app_label": "contenttypes"}, "model": "contenttypes.contenttype"}, {"pk": 6, "fields": {"name": "session", "model": "session", "app_label": "sessions"}, "model": "contenttypes.contenttype"}, {"pk": 7, "fields": {"name": "question", "model": "question", "app_label": "polls"}, "model": "contenttypes.contenttype"}, {"pk": 8, "fields": {"name": "choice", "model": "choice", "app_label": "polls"}, "model": "contenttypes.contenttype"}, {"pk": 9, "fields": {"name": "captcha store", "model": "captchastore", "app_label": "captcha"}, "model": "contenttypes.contenttype"}, {"pk": "vusow0g3xx7a0472q9x0wgm2gbjaqz7k", "fields": {"expire_date": "2014-09-28T02:16:23.796Z", "session_data": "MjA4OWJlNzFkZDFhYWM3ZmZiMjMyZTcxMTA4NjEzMTJkZGM3MWU4ZTp7Il9hdXRoX3VzZXJfYmFja2VuZCI6ImRqYW5nby5jb250cmliLmF1dGguYmFja2VuZHMuTW9kZWxCYWNrZW5kIiwiX2F1dGhfdXNlcl9pZCI6MSwiX2F1dGhfdXNlcl9oYXNoIjoiZGY1NDA1ODcxNDJiNGRkZDcwM2UxYWU2YWRhMjNiOGIyZThmZDNkOSJ9"}, "model": "sessions.session"}, {"pk": 1, "fields": {"pub_date": "2014-09-08T18:49:07Z", "question_text": "What it is dawg?"}, "model": "polls.question"}, {"pk": 2, "fields": {"pub_date": "2014-09-08T19:06:31Z", "question_text": "Another Question?"}, "model": "polls.question"}, {"pk": 3, "fields": {"pub_date": "2014-06-09T07:00:00Z", "question_text": "Are you cool?"}, "model": "polls.question"}, {"pk": 4, "fields": {"pub_date": "2014-09-10T02:42:59Z", "question_text": "What is your favorite color"}, "model": "polls.question"}, {"pk": 5, "fields": {"pub_date": "2014-10-10T05:30:33Z", "question_text": "how much wood would a woodchuck chuck if a woodchuck could chuck wood?"}, "model": "polls.question"}, {"pk": 6, "fields": {"pub_date": "2015-03-12T17:07:30Z", "question_text": "fringilla ornare placerat, orci"}, "model": "polls.question"}, {"pk": 7, "fields": {"pub_date": "2013-12-19T08:02:27Z", "question_text": "pede, nonummy ut,"}, "model": "polls.question"}, {"pk": 8, "fields": {"pub_date": "2015-06-02T16:30:51Z", "question_text": "nibh. Quisque nonummy ipsum non"}, "model": "polls.question"}, {"pk": 9, "fields": {"pub_date": "2014-08-16T20:33:04Z", "question_text": "non enim commodo hendrerit. Donec porttitor tellus non magna. Nam"}, "model": "polls.question"}, {"pk": 10, "fields": {"pub_date": "2014-06-27T03:10:52Z", "question_text": "penatibus et magnis dis parturient"}, "model": "polls.question"}, {"pk": 11, "fields": {"pub_date": "2014-03-13T00:43:17Z", "question_text": "turpis nec mauris"}, "model": "polls.question"}, {"pk": 12, "fields": {"pub_date": "2015-05-29T20:18:45Z", "question_text": "dictum mi, ac"}, "model": "polls.question"}, {"pk": 13, "fields": {"pub_date": "2014-06-25T07:57:38Z", "question_text": "orci. Phasellus dapibus quam quis diam."}, "model": "polls.question"}, {"pk": 14, "fields": {"pub_date": "2015-08-25T19:58:59Z", "question_text": "ac mattis velit justo nec ante."}, "model": "polls.question"}, {"pk": 15, "fields": {"pub_date": "2014-06-07T15:49:04Z", "question_text": "hymenaeos. Mauris ut quam vel"}, "model": "polls.question"}, {"pk": 1, "fields": {"question": 1, "votes": 2, "choice_text": "Not much"}, "model": "polls.choice"}, {"pk": 2, "fields": {"question": 1, "votes": 5, "choice_text": "The sky"}, "model": "polls.choice"}, {"pk": 5, "fields": {"question": 1, "votes": 7, "choice_text": "just some stuff"}, "model": "polls.choice"}, {"pk": 6, "fields": {"question": 2, "votes": 3, "choice_text": "Yes"}, "model": "polls.choice"}, {"pk": 7, "fields": {"question": 2, "votes": 7, "choice_text": "No"}, "model": "polls.choice"}, {"pk": 8, "fields": {"question": 3, "votes": 5, "choice_text": "Yes"}, "model": "polls.choice"}, {"pk": 9, "fields": {"question": 3, "votes": 4, "choice_text": "No"}, "model": "polls.choice"}, {"pk": 10, "fields": {"question": 3, "votes": 4, "choice_text": "Maybe"}, "model": "polls.choice"}, {"pk": 11, "fields": {"question": 5, "votes": 0, "choice_text": "alot"}, "model": "polls.choice"}, {"pk": 12, "fields": {"question": 5, "votes": 0, "choice_text": "a little"}, "model": "polls.choice"}, {"pk": 13, "fields": {"question": 5, "votes": 0, "choice_text": "NONE"}, "model": "polls.choice"}, {"pk": 14, "fields": {"question": 9, "votes": 7, "choice_text": "ligula. Aenean euismod mauris eu elit. Nulla facilisi. Sed neque."}, "model": "polls.choice"}, {"pk": 15, "fields": {"question": 12, "votes": 10, "choice_text": "nec tempus scelerisque, lorem ipsum sodales"}, "model": "polls.choice"}, {"pk": 16, "fields": {"question": 15, "votes": 7, "choice_text": "et arcu imperdiet ullamcorper."}, "model": "polls.choice"}, {"pk": 17, "fields": {"question": 10, "votes": 9, "choice_text": "adipiscing. Mauris molestie pharetra nibh. Aliquam ornare, libero"}, "model": "polls.choice"}, {"pk": 18, "fields": {"question": 8, "votes": 8, "choice_text": "lobortis risus. In mi pede, nonummy ut, molestie in,"}, "model": "polls.choice"}, {"pk": 19, "fields": {"question": 15, "votes": 3, "choice_text": "vulputate velit eu"}, "model": "polls.choice"}, {"pk": 20, "fields": {"question": 7, "votes": 9, "choice_text": "pede"}, "model": "polls.choice"}, {"pk": 21, "fields": {"question": 9, "votes": 9, "choice_text": "dignissim pharetra. Nam ac nulla. In tincidunt congue turpis. In"}, "model": "polls.choice"}, {"pk": 22, "fields": {"question": 9, "votes": 8, "choice_text": "posuere, enim nisl elementum purus, accumsan"}, "model": "polls.choice"}, {"pk": 23, "fields": {"question": 7, "votes": 3, "choice_text": "vehicula risus."}, "model": "polls.choice"}, {"pk": 24, "fields": {"question": 15, "votes": 5, "choice_text": "sit amet orci. Ut sagittis lobortis mauris. Suspendisse"}, "model": "polls.choice"}, {"pk": 25, "fields": {"question": 6, "votes": 10, "choice_text": "et nunc."}, "model": "polls.choice"}, {"pk": 26, "fields": {"question": 8, "votes": 10, "choice_text": "nascetur ridiculus mus. Proin vel nisl. Quisque fringilla euismod enim."}, "model": "polls.choice"}, {"pk": 27, "fields": {"question": 9, "votes": 10, "choice_text": "Ut tincidunt vehicula"}, "model": "polls.choice"}, {"pk": 28, "fields": {"question": 12, "votes": 5, "choice_text": "mi eleifend egestas. Sed pharetra, felis eget"}, "model": "polls.choice"}, {"pk": 29, "fields": {"question": 12, "votes": 6, "choice_text": "iaculis odio. Nam interdum enim"}, "model": "polls.choice"}, {"pk": 30, "fields": {"question": 14, "votes": 5, "choice_text": "Praesent"}, "model": "polls.choice"}, {"pk": 31, "fields": {"question": 7, "votes": 4, "choice_text": "dolor"}, "model": "polls.choice"}, {"pk": 32, "fields": {"question": 14, "votes": 10, "choice_text": "elit, pharetra ut, pharetra sed, hendrerit a, arcu."}, "model": "polls.choice"}, {"pk": 33, "fields": {"question": 9, "votes": 10, "choice_text": "augue porttitor interdum. Sed auctor"}, "model": "polls.choice"}, {"pk": 34, "fields": {"question": 12, "votes": 10, "choice_text": "Maecenas"}, "model": "polls.choice"}, {"pk": 35, "fields": {"question": 7, "votes": 6, "choice_text": "at, nisi. Cum sociis"}, "model": "polls.choice"}, {"pk": 36, "fields": {"question": 13, "votes": 4, "choice_text": "habitant morbi tristique senectus et netus"}, "model": "polls.choice"}, {"pk": 37, "fields": {"question": 14, "votes": 6, "choice_text": "id, mollis"}, "model": "polls.choice"}, {"pk": 38, "fields": {"question": 7, "votes": 6, "choice_text": "euismod mauris eu"}, "model": "polls.choice"}, {"pk": 39, "fields": {"question": 12, "votes": 5, "choice_text": "Aenean eget metus. In nec orci. Donec nibh. Quisque nonummy"}, "model": "polls.choice"}, {"pk": 40, "fields": {"question": 7, "votes": 9, "choice_text": "tristique pharetra. Quisque ac libero nec"}, "model": "polls.choice"}, {"pk": 41, "fields": {"question": 13, "votes": 5, "choice_text": "Donec non justo. Proin"}, "model": "polls.choice"}, {"pk": 42, "fields": {"question": 9, "votes": 4, "choice_text": "velit justo nec ante. Maecenas mi felis, adipiscing fringilla,"}, "model": "polls.choice"}, {"pk": 43, "fields": {"question": 11, "votes": 3, "choice_text": "ut quam vel"}, "model": "polls.choice"}, {"pk": 44, "fields": {"question": 4, "votes": 2, "choice_text": "Green"}, "model": "polls.choice"}, {"pk": 1, "fields": {"name": "Can add log entry", "codename": "add_logentry", "content_type": 1}, "model": "auth.permission"}, {"pk": 2, "fields": {"name": "Can change log entry", "codename": "change_logentry", "content_type": 1}, "model": "auth.permission"}, {"pk": 3, "fields": {"name": "Can delete log entry", "codename": "delete_logentry", "content_type": 1}, "model": "auth.permission"}, {"pk": 4, "fields": {"name": "Can add permission", "codename": "add_permission", "content_type": 2}, "model": "auth.permission"}, {"pk": 5, "fields": {"name": "Can change permission", "codename": "change_permission", "content_type": 2}, "model": "auth.permission"}, {"pk": 6, "fields": {"name": "Can delete permission", "codename": "delete_permission", "content_type": 2}, "model": "auth.permission"}, {"pk": 7, "fields": {"name": "Can add group", "codename": "add_group", "content_type": 3}, "model": "auth.permission"}, {"pk": 8, "fields": {"name": "Can change group", "codename": "change_group", "content_type": 3}, "model": "auth.permission"}, {"pk": 9, "fields": {"name": "Can delete group", "codename": "delete_group", "content_type": 3}, "model": "auth.permission"}, {"pk": 10, "fields": {"name": "Can add user", "codename": "add_user", "content_type": 4}, "model": "auth.permission"}, {"pk": 11, "fields": {"name": "Can change user", "codename": "change_user", "content_type": 4}, "model": "auth.permission"}, {"pk": 12, "fields": {"name": "Can delete user", "codename": "delete_user", "content_type": 4}, "model": "auth.permission"}, {"pk": 13, "fields": {"name": "Can add content type", "codename": "add_contenttype", "content_type": 5}, "model": "auth.permission"}, {"pk": 14, "fields": {"name": "Can change content type", "codename": "change_contenttype", "content_type": 5}, "model": "auth.permission"}, {"pk": 15, "fields": {"name": "Can delete content type", "codename": "delete_contenttype", "content_type": 5}, "model": "auth.permission"}, {"pk": 16, "fields": {"name": "Can add session", "codename": "add_session", "content_type": 6}, "model": "auth.permission"}, {"pk": 17, "fields": {"name": "Can change session", "codename": "change_session", "content_type": 6}, "model": "auth.permission"}, {"pk": 18, "fields": {"name": "Can delete session", "codename": "delete_session", "content_type": 6}, "model": "auth.permission"}, {"pk": 19, "fields": {"name": "Can add question", "codename": "add_question", "content_type": 7}, "model": "auth.permission"}, {"pk": 20, "fields": {"name": "Can change question", "codename": "change_question", "content_type": 7}, "model": "auth.permission"}, {"pk": 21, "fields": {"name": "Can delete question", "codename": "delete_question", "content_type": 7}, "model": "auth.permission"}, {"pk": 22, "fields": {"name": "Can add choice", "codename": "add_choice", "content_type": 8}, "model": "auth.permission"}, {"pk": 23, "fields": {"name": "Can change choice", "codename": "change_choice", "content_type": 8}, "model": "auth.permission"}, {"pk": 24, "fields": {"name": "Can delete choice", "codename": "delete_choice", "content_type": 8}, "model": "auth.permission"}, {"pk": 25, "fields": {"name": "Can add captcha store", "codename": "add_captchastore", "content_type": 9}, "model": "auth.permission"}, {"pk": 26, "fields": {"name": "Can change captcha store", "codename": "change_captchastore", "content_type": 9}, "model": "auth.permission"}, {"pk": 27, "fields": {"name": "Can delete captcha store", "codename": "delete_captchastore", "content_type": 9}, "model": "auth.permission"}, {"pk": 1, "fields": {"name": "test_group", "permissions": [22, 23, 19, 20]}, "model": "auth.group"}, {"pk": 1, "fields": {"email": "admin@admin.com", "is_staff": true, "date_joined": "2014-09-08T18:39:28.749Z", "first_name": "", "last_name": "", "is_active": true, "user_permissions": [], "last_login": "2014-09-14T02:16:23.791Z", "groups": [], "password": "pbkdf2_sha256$12000$cY9KIlr2Rqzf$dgAbCyNKGfanzN76othOrUmhV975uWSVsYHuEaQWTuE=", "username": "admin", "is_superuser": true}, "model": "auth.user"}, {"pk": 2, "fields": {"email": "", "is_staff": false, "date_joined": "2014-09-14T01:00:16Z", "first_name": "", "last_name": "", "is_active": true, "user_permissions": [], "last_login": "2014-09-14T01:00:16Z", "groups": [1], "password": "pbkdf2_sha256$12000$vNVmrr76YGkh$353tWo80GrE5Cb1IZYG91gIe7oxQYYlp5F09xMFWsmU=", "username": "default", "is_superuser": false}, "model": "auth.user"}, {"pk": 1, "fields": {"user": 1, "change_message": "Changed pub_date.", "object_repr": "What it is dawg?", "action_flag": 2, "content_type": 7, "object_id": "1", "action_time": "2014-09-08T18:49:15.404Z"}, "model": "admin.logentry"}, {"pk": 2, "fields": {"user": 1, "change_message": "", "object_repr": "just some stuff", "action_flag": 1, "content_type": 8, "object_id": "5", "action_time": "2014-09-08T19:04:50.345Z"}, "model": "admin.logentry"}, {"pk": 3, "fields": {"user": 1, "change_message": "", "object_repr": "Another Question?", "action_flag": 1, "content_type": 7, "object_id": "2", "action_time": "2014-09-08T19:06:32.971Z"}, "model": "admin.logentry"}, {"pk": 4, "fields": {"user": 1, "change_message": "", "object_repr": "Yes", "action_flag": 1, "content_type": 8, "object_id": "6", "action_time": "2014-09-08T19:06:39.493Z"}, "model": "admin.logentry"}, {"pk": 5, "fields": {"user": 1, "change_message": "No fields changed.", "object_repr": "Yes", "action_flag": 2, "content_type": 8, "object_id": "6", "action_time": "2014-09-08T19:07:17.312Z"}, "model": "admin.logentry"}, {"pk": 6, "fields": {"user": 1, "change_message": "No fields changed.", "object_repr": "Yes", "action_flag": 2, "content_type": 8, "object_id": "6", "action_time": "2014-09-08T19:07:19.256Z"}, "model": "admin.logentry"}, {"pk": 7, "fields": {"user": 1, "change_message": "", "object_repr": "No", "action_flag": 1, "content_type": 8, "object_id": "7", "action_time": "2014-09-08T19:07:25.820Z"}, "model": "admin.logentry"}, {"pk": 8, "fields": {"user": 1, "change_message": "", "object_repr": "Are you cool?", "action_flag": 1, "content_type": 7, "object_id": "3", "action_time": "2014-09-08T19:12:10.568Z"}, "model": "admin.logentry"}, {"pk": 9, "fields": {"user": 1, "change_message": "Changed pub_date.", "object_repr": "Are you cool?", "action_flag": 2, "content_type": 7, "object_id": "3", "action_time": "2014-09-08T19:26:06.275Z"}, "model": "admin.logentry"}, {"pk": 10, "fields": {"user": 1, "change_message": "", "object_repr": "how much wood would a woodchuck chuck if a woodchuck could chuck wood?", "action_flag": 1, "content_type": 7, "object_id": "5", "action_time": "2014-09-10T05:30:43.161Z"}, "model": "admin.logentry"}, {"pk": 11, "fields": {"user": 1, "change_message": "", "object_repr": "test_group", "action_flag": 1, "content_type": 3, "object_id": "1", "action_time": "2014-09-14T00:54:01.086Z"}, "model": "admin.logentry"}, {"pk": 12, "fields": {"user": 1, "change_message": "", "object_repr": "default", "action_flag": 1, "content_type": 4, "object_id": "2", "action_time": "2014-09-14T01:00:16.517Z"}, "model": "admin.logentry"}, {"pk": 13, "fields": {"user": 1, "change_message": "Changed groups.", "object_repr": "default", "action_flag": 2, "content_type": 4, "object_id": "2", "action_time": "2014-09-14T01:00:54.807Z"}, "model": "admin.logentry"}, {"pk": 14, "fields": {"user": 1, "change_message": "Added choice \"Green\".", "object_repr": "What is your favorite color", "action_flag": 2, "content_type": 7, "object_id": "4", "action_time": "2014-09-14T02:16:45.165Z"}, "model": "admin.logentry"}]